{
    "__name__": "DepthCalibrationMessage", 
    "contents": {
        "aftMultiplier": 0.010395010001957417, 
        "aftOffset": -9.482328414916992, 
        "foreMultiplier": 0.010395010001957417, 
        "foreOffset": -9.482328414916992
    }
}