{
    "__name__": "BearingAutopilotParamsMessage", 
    "contents": {
        "Ad": 1.0, 
        "Ai": 1.2999999523162842, 
        "Ap": 1.2999999523162842, 
        "Kd": 35.0, 
        "Ki": 0.0, 
        "Kp": 3.5, 
        "maxError": 150.0, 
        "scale": -1.0, 
        "thr": 1.0
    }
}