{
    "__name__": "DepthCalibrationMessage", 
    "contents": {
        "aftMultiplier": 0.009945053607225418, 
        "aftOffset": -10.094229698181152, 
        "foreMultiplier": 0.009945053607225418, 
        "foreOffset": -10.094229698181152
    }
}