{
    "__name__": "DepthCalibrationMessage", 
    "contents": {
        "aftMultiplier": 0.009949999861419201, 
        "aftOffset": -9.949999809265137, 
        "foreMultiplier": 0.009949999861419201, 
        "foreOffset": -9.949999809265137
    }
}