{
    "__name__": "DepthCalibrationMessage", 
    "contents": {
        "aftMultiplier": 9.945053898263723e-05, 
        "aftOffset": -0.09945053607225418, 
        "foreMultiplier": 9.945053898263723e-05, 
        "foreOffset": -0.09945053607225418
    }
}